city_id,city_name,country,continent,vacation_types,seasons,budget,vibe
c000,New York,United States,North America,City,Fall|Spring|Summer,Luxury|Premium,Busy|Moderate
c001,Los Angeles,United States,North America,City,Fall|Spring|Summer,Luxury|Premium,Busy|Moderate
c002,Chicago,United States,North America,City|Historical,Fall|Spring|Summer,Mid-Range|Luxury,Moderate|Quiet
c003,Mexico City,Mexico,North America,City|Historical,Fall|Spring|Summer,Budget Friendly|Mid-Range,Busy|Moderate
c004,Toronto,Canada,North America,City,Fall|Spring|Summer,Mid-Range|Luxury,Moderate|Quiet
c005,Vancouver,Canada,North America,City,Fall|Spring|Summer,Budget Friendly|Mid-Range|Luxury,Moderate|Quiet
c006,São Paulo,Brazil,South America,Adventure|City|Nature,Fall|Spring|Summer,Budget Friendly|Mid-Range,Busy|Moderate
c007,Buenos Aires,Argentina,South America,Adventure|City|Nature,Fall|Spring|Summer,Budget Friendly|Mid-Range,Moderate|Quiet
c008,Bogotá,Colombia,South America,Adventure|City|Nature,Fall|Spring|Summer,Budget Friendly|Mid-Range,Moderate|Quiet
c009,Lima,Peru,South America,Adventure|City|Historical|Nature,Fall|Spring|Summer,Mid-Range|Luxury,Moderate|Quiet
c010,London,United Kingdom,Europe,City,Fall|Spring|Summer,Luxury|Premium,Busy|Moderate
c011,Paris,France,Europe,City,Fall|Spring|Summer,Luxury|Premium,Busy|Moderate
c012,Berlin,Germany,Europe,City,Fall|Spring|Summer,Mid-Range|Luxury,Moderate|Quiet
c013,Madrid,Spain,Europe,Beach|City,Fall|Spring|Summer,Mid-Range|Luxury,Moderate|Quiet
c014,Rome,Italy,Europe,City|Historical,Fall|Spring|Summer,Mid-Range|Luxury,Moderate|Quiet
c015,Barcelona,Spain,Europe,Beach|City,Fall|Spring|Summer,Luxury|Premium,Busy|Moderate
c016,Lisbon,Portugal,Europe,Beach|City,Fall|Spring|Summer,Budget Friendly|Mid-Range|Luxury,Moderate|Quiet
c017,Amsterdam,Netherlands,Europe,City,Fall|Spring|Summer,Luxury|Premium,Moderate|Quiet
c018,Prague,Czech Republic,Europe,City|Historical,Fall|Spring|Summer,Mid-Range|Luxury,Moderate|Quiet
c019,Istanbul,Turkey,Europe/Asia,City|Historical,Summer,Mid-Range|Luxury,Busy|Moderate
c020,Moscow,Russia,Europe/Asia,City,Summer,Mid-Range|Luxury,Moderate|Quiet
c021,Cairo,Egypt,Africa,Adventure|City|Historical|Nature,Fall|Spring|Summer|Winter,Budget Friendly|Mid-Range,Busy|Moderate
c022,Cape Town,South Africa,Africa,Adventure|City|Nature,Fall|Spring|Summer|Winter,Mid-Range|Luxury,Moderate|Quiet
c023,Johannesburg,South Africa,Africa,Adventure|City|Nature,Fall|Spring|Summer|Winter,Mid-Range|Luxury,Moderate|Quiet
c024,Casablanca,Morocco,Africa,Adventure|City|Nature,Fall|Spring|Summer|Winter,Budget Friendly|Mid-Range,Moderate|Quiet
c025,Nairobi,Kenya,Africa,Adventure|City|Nature,Fall|Spring|Summer|Winter,Budget Friendly|Mid-Range,Moderate|Quiet
c026,Riyadh,Saudi Arabia,Asia,City,Fall|Spring|Summer|Winter,Luxury|Premium,Busy|Moderate
c027,Dubai,United Arab Emirates,Asia,City,Fall|Spring|Summer|Winter,Luxury|Premium,Busy|Moderate
c028,Doha,Qatar,Asia,City,Fall|Spring|Summer|Winter,Luxury|Premium,Moderate|Quiet
c029,Mumbai,India,Asia,City|Historical|Religious,Fall|Spring|Summer|Winter,Budget Friendly|Mid-Range,Busy|Moderate
c030,Delhi,India,Asia,City|Historical|Religious,Fall|Spring|Summer|Winter,Mid-Range|Luxury,Busy|Moderate
c031,Bangalore,India,Asia,City|Historical|Religious,Fall|Spring|Summer|Winter,Mid-Range|Luxury,Moderate|Quiet
c032,Bangkok,Thailand,Asia,Beach|City,Fall|Spring|Summer|Winter,Budget Friendly|Mid-Range,Busy|Moderate
c033,Singapore,Singapore,Asia,City,Fall|Spring|Summer|Winter,Luxury|Premium,Busy|Moderate
c034,Kuala Lumpur,Malaysia,Asia,City,Fall|Spring|Summer|Winter,Mid-Range|Luxury,Busy|Moderate
c035,Hanoi,Vietnam,Asia,City,Fall|Spring|Summer|Winter,Budget Friendly|Mid-Range,Moderate|Quiet
c036,Ho Chi Minh City,Vietnam,Asia,City,Fall|Spring|Summer|Winter,Budget Friendly|Mid-Range,Busy|Moderate
c037,Seoul,South Korea,Asia,City,Fall|Spring|Summer|Winter,Mid-Range|Luxury,Busy|Moderate
c038,Tokyo,Japan,Asia,City,Fall|Spring|Summer|Winter,Luxury|Premium,Busy|Moderate
c039,Kyoto,Japan,Asia,City|Historical,Fall|Spring|Summer|Winter,Mid-Range|Luxury,Moderate|Quiet
c040,Osaka,Japan,Asia,City,Fall|Spring|Summer|Winter,Luxury|Premium,Busy|Moderate
c041,Beijing,China,Asia,City,Fall|Spring|Summer|Winter,Mid-Range|Luxury,Busy|Moderate
c042,Shanghai,China,Asia,City,Fall|Spring|Summer|Winter,Luxury|Premium,Busy|Moderate
c043,Hong Kong,China,Asia,City,Fall|Spring|Summer|Winter,Luxury|Premium,Busy|Moderate
c044,Manila,Philippines,Asia,Beach|City,Fall|Spring|Summer|Winter,Budget Friendly|Mid-Range,Busy|Moderate
c045,Sydney,Australia,Oceania,Adventure|Beach|City|Nature,Fall|Spring|Summer|Winter,Mid-Range|Luxury|Premium,Moderate|Quiet
c046,Melbourne,Australia,Oceania,Adventure|Beach|City|Nature,Fall|Spring|Summer|Winter,Mid-Range|Luxury,Moderate|Quiet
c047,Auckland,New Zealand,Oceania,Adventure|Beach|City|Nature,Fall|Spring|Summer|Winter,Mid-Range|Luxury|Premium,Moderate|Quiet
c048,Honolulu,United States (Hawaii),Oceania,Adventure|Beach|City|Nature,Fall|Spring|Summer|Winter,Mid-Range|Luxury|Premium,Busy|Moderate
c049,Reykjavik,Iceland,Europe,Adventure|City|Nature,Fall|Spring|Summer,Mid-Range|Luxury|Premium,Quiet
c050,Athens,Greece,Europe,Beach|City|Historical,Fall|Spring|Summer,Mid-Range|Luxury,Moderate|Quiet
c051,Budapest,Hungary,Europe,City,Fall|Spring|Summer,Mid-Range|Luxury,Moderate|Quiet
c052,Warsaw,Poland,Europe,City,Fall|Spring|Summer,Mid-Range|Luxury,Moderate|Quiet
c053,Zurich,Switzerland,Europe,City,Fall|Spring|Summer,Luxury|Premium,Moderate|Quiet
c054,Geneva,Switzerland,Europe,City,Fall|Spring|Summer,Luxury|Premium,Moderate|Quiet
c055,Edinburgh,United Kingdom,Europe,City,Fall|Spring|Summer,Mid-Range|Luxury,Moderate|Quiet
c056,Venice,Italy,Europe,City|Historical,Fall|Spring|Summer,Mid-Range|Luxury,Moderate|Quiet
c057,Florence,Italy,Europe,City|Historical,Fall|Spring|Summer,Mid-Range|Luxury,Moderate|Quiet
c058,Santorini,Greece,Europe,Beach|City|Historical,Fall|Spring|Summer,Luxury|Premium,Moderate|Quiet
c059,Dubrovnik,Croatia,Europe,City,Fall|Spring|Summer,Mid-Range|Luxury,Moderate|Quiet
c060,Grenada,Grenada,Caribbean,Beach|City,Fall|Spring|Summer|Winter,Mid-Range|Luxury,Moderate|Quiet
c061,Havana,Cuba,Caribbean,Beach|City,Fall|Spring|Summer|Winter,Budget Friendly|Mid-Range,Moderate|Quiet
c062,Kingston,Jamaica,Caribbean,Beach|City,Fall|Spring|Summer|Winter,Budget Friendly|Mid-Range,Busy|Moderate
c063,San Juan,Puerto Rico,Caribbean,Beach|City,Fall|Spring|Summer|Winter,Mid-Range|Luxury,Moderate|Quiet
c064,Queenstown,New Zealand,Oceania,Adventure|Beach|City|Nature,Fall|Spring|Summer|Winter,Mid-Range|Luxury|Premium,Quiet
c065,Cusco,Peru,South America,Adventure|City|Historical|Nature,Fall|Spring|Summer,Budget Friendly|Mid-Range,Busy|Moderate
c066,Cartagena,Colombia,South America,Adventure|City|Historical|Nature,Fall|Spring|Summer,Mid-Range|Luxury,Busy|Moderate
c067,Valparaiso,Chile,South America,Adventure|Beach|City|Nature,Fall|Spring|Summer,Mid-Range|Luxury,Moderate|Quiet
c068,Lyon,France,Europe,City,Fall|Spring|Summer,Mid-Range|Luxury,Moderate|Quiet
c069,Seville,Spain,Europe,Beach|City,Fall|Spring|Summer,Mid-Range|Luxury,Busy|Moderate
c070,Bali (Denpasar),Indonesia,Asia,Beach|City,Fall|Spring|Summer|Winter,Mid-Range|Luxury,Moderate|Quiet
c071,Ubud,Indonesia,Asia,Beach|City,Fall|Spring|Summer|Winter,Budget Friendly|Mid-Range,Moderate|Quiet
c072,Agra,India,Asia,City|Historical|Religious,Fall|Spring|Summer|Winter,Mid-Range|Luxury,Moderate|Quiet
c073,Varanasi,India,Asia,City|Historical|Religious,Fall|Spring|Summer|Winter,Budget Friendly|Mid-Range,Moderate|Quiet
c074,Amman,Jordan,Asia,City|Historical|Religious,Fall|Spring|Summer|Winter,Mid-Range|Luxury,Moderate|Quiet
c075,Petra,Jordan,Asia,City|Historical|Religious,Fall|Spring|Summer|Winter,Budget Friendly|Mid-Range,Moderate|Quiet
c076,Marrakesh,Morocco,Africa,Adventure|City|Historical|Nature,Fall|Spring|Summer|Winter,Mid-Range|Luxury,Moderate|Quiet
c077,Zanzibar,Tanzania,Africa,Adventure|Beach|City|Nature,Fall|Spring|Summer|Winter,Mid-Range|Luxury,Moderate|Quiet
c078,Fes,Morocco,Africa,Adventure|City|Nature,Fall|Spring|Summer|Winter,Budget Friendly|Mid-Range,Moderate|Quiet
c079,Lagos,Nigeria,Africa,Adventure|City|Historical|Nature,Fall|Spring|Summer|Winter,Mid-Range|Luxury,Busy|Moderate
c080,Accra,Ghana,Africa,Adventure|City|Nature,Fall|Spring|Summer|Winter,Budget Friendly|Mid-Range,Busy|Moderate
c081,Tallinn,Estonia,Europe,City,Fall|Spring|Summer,Mid-Range|Luxury,Moderate|Quiet
c082,Vilnius,Lithuania,Europe,City,Fall|Spring|Summer,Mid-Range|Luxury,Moderate|Quiet
c083,Krakow,Poland,Europe,City,Fall|Spring|Summer,Budget Friendly|Mid-Range,Moderate|Quiet
c084,Santiago,Chile,South America,Adventure|City|Historical|Nature,Fall|Spring|Summer,Mid-Range|Luxury,Moderate|Quiet
c085,Montevideo,Uruguay,South America,Adventure|City|Nature,Fall|Spring|Summer,Budget Friendly|Mid-Range,Quiet
c086,Belfast,United Kingdom,Europe,City,Fall|Spring|Summer,Mid-Range|Luxury,Moderate|Quiet
c087,Kabul,Afghanistan,Asia,City|Historical,Spring|Summer|Fall|Winter,Budget Friendly|Mid-Range,Moderate|Quiet
c088,Tirana,Albania,Europe,City|Historical,Spring|Summer|Fall,Mid-Range|Luxury,Moderate|Quiet
c089,Algiers,Algeria,Africa,City|Historical,Spring|Summer|Fall|Winter,Mid-Range|Luxury,Moderate|Quiet
c090,Andorra la Vella,Andorra,Europe,City|Nature,Spring|Summer|Fall|Winter,Mid-Range|Luxury,Quiet
c091,Luanda,Angola,Africa,City|Beach|Nature,Summer|Fall,Luxury|Premium,Busy|Moderate
c092,St. John's,Antigua and Barbuda,Caribbean,Beach|City,Summer|Fall|Winter,Luxury|Premium,Moderate|Quiet
c093,Yerevan,Armenia,Asia,City|Historical,Spring|Summer|Fall|Winter,Mid-Range|Luxury,Moderate|Quiet
c094,Vienna,Austria,Europe,City|Historical,Spring|Summer|Fall|Winter,Luxury|Premium,Moderate|Quiet
c095,Baku,Azerbaijan,Europe/Asia,City|Historical|Beach,Spring|Summer|Fall|Winter,Mid-Range|Luxury,Busy|Moderate
c096,Nassau,Bahamas,Caribbean,Beach|City,Summer|Fall|Winter,Luxury|Premium,Moderate|Quiet
c097,Manama,Bahrain,Asia,City|Beach,Spring|Summer|Fall|Winter,Luxury|Premium,Busy|Moderate
c098,Dhaka,Bangladesh,Asia,City|Historical,Spring|Summer|Fall|Winter,Budget Friendly|Mid-Range,Busy|Moderate
c099,Bridgetown,Barbados,Caribbean,Beach|City,Summer|Fall|Winter,Luxury|Premium,Moderate|Quiet
c100,Minsk,Belarus,Europe,City|Historical,Spring|Summer|Fall|Winter,Mid-Range|Luxury,Moderate|Quiet
c101,Brussels,Belgium,Europe,City|Historical,Spring|Summer|Fall|Winter,Luxury|Premium,Moderate|Quiet
c102,Belize City,Belize,North America,Beach|City,Summer|Fall|Winter,Budget Friendly|Mid-Range,Busy|Moderate
c103,Porto-Novo,Benin,Africa,City|Nature,Spring|Summer|Fall|Winter,Budget Friendly|Mid-Range,Moderate|Quiet
c104,Thimphu,Bhutan,Asia,City|Nature,Spring|Summer|Fall|Winter,Mid-Range|Luxury,Quiet
c105,La Paz,Bolivia,South America,City|Adventure,Spring|Summer|Fall|Winter,Budget Friendly|Mid-Range,Busy|Moderate
c106,Sarajevo,Bosnia and Herzegovina,Europe,City|Historical,Spring|Summer|Fall|Winter,Mid-Range|Luxury,Moderate|Quiet
c107,Gaborone,Botswana,Africa,City|Nature,Spring|Summer|Fall|Winter,Mid-Range|Luxury,Quiet
c108,Bandar Seri Begawan,Brunei,Asia,City|Nature,Spring|Summer|Fall|Winter,Luxury|Premium,Quiet
c109,Sofia,Bulgaria,Europe,City|Historical,Spring|Summer|Fall|Winter,Mid-Range|Luxury,Moderate|Quiet
c110,Ouagadougou,Burkina Faso,Africa,City|Nature,Spring|Summer|Fall|Winter,Budget Friendly|Mid-Range,Busy|Moderate
c111,Bujumbura,Burundi,Africa,City|Nature,Spring|Summer|Fall|Winter,Budget Friendly|Mid-Range,Moderate|Quiet
c112,Praia,Cabo Verde,Africa,Beach|City,Summer|Fall|Winter,Mid-Range|Luxury,Moderate|Quiet
c113,Phnom Penh,Cambodia,Asia,City|Historical,Spring|Summer|Fall|Winter,Budget Friendly|Mid-Range,Busy|Moderate
c114,Yaoundé,Cameroon,Africa,City|Nature,Spring|Summer|Fall|Winter,Mid-Range|Luxury,Moderate|Quiet
c115,Bangui,Central African Republic,Africa,City|Nature,Spring|Summer|Fall|Winter,Budget Friendly|Mid-Range,Busy|Moderate
c116,N'Djamena,Chad,Africa,City|Nature,Spring|Summer|Fall|Winter,Budget Friendly|Mid-Range,Moderate|Quiet
c117,Moroni,Comoros,Africa,Beach|City,Summer|Fall|Winter,Mid-Range|Luxury,Quiet
c118,Brazzaville,Congo,Africa,City|Nature,Spring|Summer|Fall|Winter,Mid-Range|Luxury,Moderate|Quiet
c119,San José,Costa Rica,North America,City|Nature,Spring|Summer|Fall|Winter,Mid-Range|Luxury,Moderate|Quiet
c120,Nicosia,Cyprus,Europe,City|Beach,Spring|Summer|Fall|Winter,Luxury|Premium,Moderate|Quiet
c121,Copenhagen,Denmark,Europe,City|Historical,Spring|Summer|Fall|Winter,Luxury|Premium,Quiet
c122,Djibouti City,Djibouti,Africa,City|Nature,Spring|Summer|Fall|Winter,Mid-Range|Luxury,Busy|Moderate
c123,Roseau,Dominica,Caribbean,Beach|Nature,Summer|Fall|Winter,Mid-Range|Luxury,Quiet
c124,Santo Domingo,Dominican Republic,Caribbean,Beach|City,Summer|Fall|Winter,Mid-Range|Luxury,Busy|Moderate
c125,Quito,Ecuador,South America,City|Nature,Spring|Summer|Fall|Winter,Mid-Range|Luxury,Moderate|Quiet
c126,San Salvador,El Salvador,North America,City|Nature,Spring|Summer|Fall|Winter,Budget Friendly|Mid-Range,Busy|Moderate
c127,Malabo,Equatorial Guinea,Africa,City|Nature,Spring|Summer|Fall|Winter,Mid-Range|Luxury,Moderate|Quiet
c128,Asmara,Eritrea,Africa,City|Historical,Spring|Summer|Fall|Winter,Budget Friendly|Mid-Range,Quiet
c129,Mbabane,Eswatini,Africa,City|Nature,Spring|Summer|Fall|Winter,Mid-Range|Luxury,Quiet
c130,Addis Ababa,Ethiopia,Africa,City|Historical,Spring|Summer|Fall|Winter,Mid-Range|Luxury,Busy|Moderate
c131,Suva,Fiji,Oceania,Beach|City,Summer|Fall|Winter,Mid-Range|Luxury,Moderate|Quiet
c132,Helsinki,Finland,Europe,City|Nature,Spring|Summer|Fall|Winter,Luxury|Premium,Quiet
c133,Libreville,Gabon,Africa,City|Nature,Spring|Summer|Fall|Winter,Mid-Range|Luxury,Moderate|Quiet
c134,Banjul,Gambia,Africa,City|Beach,Spring|Summer|Fall|Winter,Budget Friendly|Mid-Range,Quiet
c135,Tbilisi,Georgia,Europe/Asia,City|Historical,Spring|Summer|Fall|Winter,Mid-Range|Luxury,Moderate|Quiet
c136,Guatemala City,Guatemala,North America,City|Historical,Spring|Summer|Fall|Winter,Budget Friendly|Mid-Range,Busy|Moderate
c137,Conakry,Guinea,Africa,City|Nature,Spring|Summer|Fall|Winter,Budget Friendly|Mid-Range,Busy|Moderate
c138,Bissau,Guinea-Bissau,Africa,City|Nature,Summer|Fall|Winter,Budget Friendly|Mid-Range,Moderate|Quiet
c139,Georgetown,Guyana,South America,City|Nature,Summer|Fall|Winter,Mid-Range|Luxury,Moderate|Quiet
c140,Port-au-Prince,Haiti,Caribbean,City|Historical,Summer|Fall|Winter,Budget Friendly|Mid-Range,Busy|Moderate
c141,Tegucigalpa,Honduras,North America,City|Nature,Spring|Summer|Fall|Winter,Budget Friendly|Mid-Range,Moderate|Quiet
c142,Tehran,Iran,Asia,City|Historical,Spring|Summer|Fall|Winter,Mid-Range|Luxury,Busy|Moderate
c143,Baghdad,Iraq,Asia,City|Historical,Spring|Summer|Fall|Winter,Budget Friendly|Mid-Range,Busy|Moderate
c144,Dublin,Ireland,Europe,City|Historical,Spring|Summer|Fall|Winter,Luxury|Premium,Moderate|Quiet
c145,Tel Aviv,Israel,Asia,Beach|City,Spring|Summer|Fall|Winter,Luxury|Premium,Busy|Moderate
c146,Astana,Kazakhstan,Asia,City|Historical,Spring|Summer|Fall|Winter,Mid-Range|Luxury,Quiet
c147,South Tarawa,Kiribati,Oceania,Beach|Nature,Summer|Fall|Winter,Budget Friendly|Mid-Range,Quiet
c148,Pristina,Kosovo,Europe,City|Historical,Spring|Summer|Fall|Winter,Budget Friendly|Mid-Range,Moderate|Quiet
c149,Kuwait City,Kuwait,Asia,City|Beach,Spring|Summer|Fall|Winter,Luxury|Premium,Busy|Moderate
c150,Bishkek,Kyrgyzstan,Asia,City|Nature,Spring|Summer|Fall|Winter,Mid-Range|Luxury,Moderate|Quiet
c151,Vientiane,Laos,Asia,City|Nature,Spring|Summer|Fall|Winter,Budget Friendly|Mid-Range,Quiet
c152,Riga,Latvia,Europe,City|Historical,Spring|Summer|Fall|Winter,Mid-Range|Luxury,Moderate|Quiet
c153,Beirut,Lebanon,Asia,City|Beach,Spring|Summer|Fall|Winter,Mid-Range|Luxury,Busy|Moderate
c154,Maseru,Lesotho,Africa,City|Nature,Spring|Summer|Fall|Winter,Budget Friendly|Mid-Range,Quiet
c155,Monrovia,Liberia,Africa,City|Nature,Summer|Fall|Winter,Budget Friendly|Mid-Range,Busy|Moderate
c156,Tripoli,Libya,Africa,City|Historical,Spring|Summer|Fall|Winter,Mid-Range|Luxury,Moderate|Quiet
c157,Kigali,Rwanda,Africa,City|Nature,Spring|Summer|Fall|Winter,Mid-Range|Luxury,Quiet
c158,Basseterre,Saint Kitts and Nevis,Caribbean,Beach|City,Summer|Fall|Winter,Luxury|Premium,Moderate|Quiet
c159,Castries,Saint Lucia,Caribbean,Beach|Nature,Summer|Fall|Winter,Luxury|Premium,Quiet
c160,Kingstown,Saint Vincent and the Grenadines,Caribbean,Beach|City,Summer|Fall|Winter,Mid-Range|Luxury,Moderate|Quiet
c161,Apia,Samoa,Oceania,Beach|Nature,Summer|Fall|Winter,Mid-Range|Luxury,Quiet
c162,San Marino,San Marino,Europe,City|Historical,Spring|Summer|Fall|Winter,Luxury|Premium,Quiet
c163,São Tomé,São Tomé and Príncipe,Africa,Beach|Nature,Summer|Fall|Winter,Mid-Range|Luxury,Moderate|Quiet
c164,Dakar,Senegal,Africa,City|Beach,Spring|Summer|Fall|Winter,Mid-Range|Luxury,Busy|Moderate
c165,Belgrade,Serbia,Europe,City|Historical,Spring|Summer|Fall|Winter,Mid-Range|Luxury,Busy|Moderate
c166,Victoria,Seychelles,Africa,Beach|Nature,Summer|Fall|Winter,Luxury|Premium,Quiet
c167,Freetown,Sierra Leone,Africa,City|Beach,Summer|Fall|Winter,Budget Friendly|Mid-Range,Busy|Moderate
c168,Bratislava,Slovakia,Europe,City|Historical,Spring|Summer|Fall|Winter,Mid-Range|Luxury,Moderate|Quiet
c169,Ljubljana,Slovenia,Europe,City|Nature,Spring|Summer|Fall|Winter,Mid-Range|Luxury,Quiet
c170,Honiara,Solomon Islands,Oceania,Beach|Nature,Summer|Fall|Winter,Budget Friendly|Mid-Range,Moderate|Quiet
c171,Mogadishu,Somalia,Africa,City|Beach,Spring|Summer|Fall|Winter,Budget Friendly|Mid-Range,Busy|Moderate
c172,Juba,South Sudan,Africa,City|Nature,Spring|Summer|Fall|Winter,Budget Friendly|Mid-Range,Moderate|Quiet
c173,Colombo,Sri Lanka,Asia,City|Beach|Historical,Spring|Summer|Fall|Winter,Mid-Range|Luxury,Busy|Moderate
c174,Khartoum,Sudan,Africa,City|Historical,Spring|Summer|Fall|Winter,Budget Friendly|Mid-Range,Busy|Moderate
c175,Paramaribo,Suriname,South America,City|Nature,Summer|Fall|Winter,Mid-Range|Luxury,Moderate|Quiet
c176,Stockholm,Sweden,Europe,City|Historical,Spring|Summer|Fall|Winter,Luxury|Premium,Quiet
c177,Damascus,Syria,Asia,City|Historical,Spring|Summer|Fall|Winter,Budget Friendly|Mid-Range,Moderate|Quiet
c178,Taipei,Taiwan,Asia,City|Nature,Spring|Summer|Fall|Winter,Mid-Range|Luxury,Busy|Moderate
c179,Dushanbe,Tajikistan,Asia,City|Nature,Spring|Summer|Fall|Winter,Mid-Range|Luxury,Moderate|Quiet
c180,Dili,Timor-Leste,Asia,Beach|City,Summer|Fall|Winter,Budget Friendly|Mid-Range,Moderate|Quiet
c181,Lomé,Togo,Africa,City|Beach,Spring|Summer|Fall|Winter,Budget Friendly|Mid-Range,Moderate|Quiet
c182,Nuku'alofa,Tonga,Oceania,Beach|Nature,Summer|Fall|Winter,Mid-Range|Luxury,Quiet
c183,Port of Spain,Trinidad and Tobago,Caribbean,Beach|City,Summer|Fall|Winter,Mid-Range|Luxury,Busy|Moderate
c184,Tunis,Tunisia,Africa,City|Historical,Spring|Summer|Fall|Winter,Mid-Range|Luxury,Moderate|Quiet
c185,Ashgabat,Turkmenistan,Asia,City|Historical,Spring|Summer|Fall|Winter,Luxury|Premium,Quiet
c186,Funafuti,Tuvalu,Oceania,Beach|Nature,Summer|Fall|Winter,Budget Friendly|Mid-Range,Quiet
c187,Kampala,Uganda,Africa,City|Nature,Spring|Summer|Fall|Winter,Mid-Range|Luxury,Busy|Moderate
c188,Kyiv,Ukraine,Europe,City|Historical,Spring|Summer|Fall|Winter,Mid-Range|Luxury,Moderate|Quiet
c189,Tashkent,Uzbekistan,Asia,City|Historical,Spring|Summer|Fall|Winter,Mid-Range|Luxury,Moderate|Quiet
c190,Port Vila,Vanuatu,Oceania,Beach|Nature,Summer|Fall|Winter,Mid-Range|Luxury,Moderate|Quiet
c191,Vatican City,Vatican City,Europe,City|Historical,Spring|Summer|Fall|Winter,Luxury|Premium,Quiet
c192,Caracas,Venezuela,South America,City|Nature,Summer|Fall|Winter,Budget Friendly|Mid-Range,Busy|Moderate
c193,Sana'a,Yemen,Asia,City|Historical,Spring|Summer|Fall|Winter,Budget Friendly|Mid-Range,Moderate|Quiet
c194,Lusaka,Zambia,Africa,City|Nature,Spring|Summer|Fall|Winter,Mid-Range|Luxury,Moderate|Quiet
c195,Harare,Zimbabwe,Africa,City|Nature,Spring|Summer|Fall|Winter,Mid-Range|Luxury,Quiet
c196,San Francisco,United States,North America,City,Fall|Spring|Summer,Mid-Range|Luxury|Premium,Busy|Moderate
c197,Seattle,United States,North America,City|Nature,Fall|Spring|Summer,Mid-Range|Luxury,Moderate|Quiet
c198,Boston,United States,North America,City|Historical,Fall|Spring|Summer,Mid-Range|Luxury,Moderate|Quiet
c199,Miami,United States,North America,Beach|City,Spring|Summer|Winter,Mid-Range|Luxury|Premium,Busy|Moderate
c200,Las Vegas,United States,North America,City,Spring|Summer|Fall,Mid-Range|Luxury|Premium,Busy|Moderate
c201,San Diego,United States,North America,Beach|City,Fall|Spring|Summer,Mid-Range|Luxury,Moderate|Quiet
c202,Montreal,Canada,North America,City|Historical,Fall|Spring|Summer,Mid-Range|Luxury,Moderate|Quiet
c203,Calgary,Canada,North America,City|Nature,Fall|Spring|Summer|Winter,Mid-Range|Luxury,Quiet
c204,Rio de Janeiro,Brazil,South America,Beach|City|Nature,Fall|Spring|Summer,Mid-Range|Luxury,Busy|Moderate
c205,Medellin,Colombia,South America,City|Nature,Fall|Spring|Summer,Budget Friendly|Mid-Range,Moderate|Quiet
c206,Munich,Germany,Europe,City|Historical,Fall|Spring|Summer,Mid-Range|Luxury,Moderate|Quiet
c207,Hamburg,Germany,Europe,City,Fall|Spring|Summer,Mid-Range|Luxury,Moderate|Quiet
c208,Milan,Italy,Europe,City,Fall|Spring|Summer,Mid-Range|Luxury|Premium,Busy|Moderate
c209,Naples,Italy,Europe,City|Historical,Spring|Summer|Fall,Budget Friendly|Mid-Range,Busy|Moderate
c210,Porto,Portugal,Europe,City|Historical,Fall|Spring|Summer,Budget Friendly|Mid-Range,Moderate|Quiet
c211,Nice,France,Europe,Beach|City,Spring|Summer|Fall,Luxury|Premium,Moderate|Quiet
c212,Oslo,Norway,Europe,City|Nature,Spring|Summer|Fall|Winter,Luxury|Premium,Quiet
c213,Bergen,Norway,Europe,City|Nature,Spring|Summer|Fall|Winter,Mid-Range|Luxury,Quiet
c214,Yokohama,Japan,Asia,City,Spring|Summer|Fall|Winter,Mid-Range|Luxury,Moderate|Quiet
c215,Busan,South Korea,Asia,Beach|City,Spring|Summer|Fall,Mid-Range|Luxury,Busy|Moderate
c216,Shenzhen,China,Asia,City,Spring|Summer|Fall|Winter,Mid-Range|Luxury,Busy|Moderate
c217,Chengdu,China,Asia,City|Nature,Spring|Summer|Fall,Mid-Range|Luxury,Moderate|Quiet
c218,Hyderabad,India,Asia,City|Historical|Religious,Spring|Summer|Fall|Winter,Budget Friendly|Mid-Range,Busy|Moderate
c219,Chennai,India,Asia,Beach|City|Religious,Spring|Summer|Fall|Winter,Budget Friendly|Mid-Range,Busy|Moderate
c220,Abu Dhabi,United Arab Emirates,Asia,City|Beach,Spring|Summer|Fall|Winter,Luxury|Premium,Moderate|Quiet
c221,Phuket,Thailand,Asia,Beach|City,Spring|Summer|Fall|Winter,Budget Friendly|Mid-Range,Busy|Moderate
c222,Chiang Mai,Thailand,Asia,City|Nature,Spring|Summer|Fall|Winter,Budget Friendly|Mid-Range,Moderate|Quiet
c223,Cape Canaveral,United States,North America,City|Nature,Spring|Summer|Fall,Mid-Range|Luxury,Moderate|Quiet
c224,Anchorage,United States,North America,City|Nature,Spring|Summer|Fall|Winter,Mid-Range|Luxury,Quiet
c225,Innsbruck,Austria,Europe,City|Nature,Spring|Summer|Fall|Winter,Mid-Range|Luxury,Quiet
c226,Split,Croatia,Europe,Beach|City,Spring|Summer|Fall,Mid-Range|Luxury,Moderate|Quiet
c227,Doha,Qatar,Asia,City,Spring|Summer|Fall|Winter,Luxury|Premium,Moderate|Quiet
c228,San Jose,United States,North America,City|Nature,Spring|Summer|Fall,Mid-Range|Luxury,Moderate|Quiet
c229,Denver,United States,North America,City|Nature,Spring|Summer|Fall|Winter,Mid-Range|Luxury,Moderate|Quiet
c230,Austin,United States,North America,City,Spring|Fall,Mid-Range|Luxury,Busy|Moderate
c231,Orlando,United States,North America,City,Spring|Summer|Fall|Winter,Mid-Range|Luxury,Busy|Moderate
c232,Philadelphia,United States,North America,City|Historical,Spring|Summer|Fall,Mid-Range|Luxury,Moderate|Quiet
c233,Portland,United States,North America,City|Nature,Spring|Summer|Fall,Mid-Range|Luxury,Moderate|Quiet
c234,Minneapolis,United States,North America,City|Nature,Spring|Summer|Fall|Winter,Mid-Range|Luxury,Quiet
c235,Quebec City,Canada,North America,City|Historical,Spring|Summer|Fall|Winter,Mid-Range|Luxury,Quiet
c236,Ottawa,Canada,North America,City,Spring|Summer|Fall|Winter,Mid-Range|Luxury,Moderate|Quiet
c237,Edmonton,Canada,North America,City|Nature,Spring|Summer|Fall|Winter,Mid-Range|Luxury,Quiet
c238,Curitiba,Brazil,South America,City|Nature,Spring|Summer|Fall,Mid-Range|Luxury,Moderate|Quiet
c239,Salvador,Brazil,South America,Beach|City|Historical,Spring|Summer|Fall,Mid-Range|Luxury,Busy|Moderate
c240,Quito,Ecuador,South America,City|Nature,Spring|Summer|Fall,Mid-Range|Luxury,Moderate|Quiet
c241,Guayaquil,Ecuador,South America,City|Beach,Spring|Summer|Fall,Mid-Range|Luxury,Busy|Moderate
c242,Punta Cana,Dominican Republic,Caribbean,Beach|City,Spring|Summer|Fall|Winter,Luxury|Premium,Moderate|Quiet
c243,Cancun,Mexico,North America,Beach|City,Spring|Summer|Fall|Winter,Mid-Range|Luxury|Premium,Busy|Moderate
c244,Tulum,Mexico,North America,Beach|City,Spring|Summer|Fall|Winter,Mid-Range|Luxury,Moderate|Quiet
c245,Marseille,France,Europe,Beach|City,Spring|Summer|Fall,Mid-Range|Luxury,Moderate|Quiet
c246,Bordeaux,France,Europe,City|Nature,Spring|Summer|Fall,Mid-Range|Luxury,Quiet
c247,Cologne,Germany,Europe,City|Historical,Spring|Summer|Fall,Mid-Range|Luxury,Moderate|Quiet
c248,Frankfurt,Germany,Europe,City,Spring|Summer|Fall,Mid-Range|Luxury,Busy|Moderate
c249,Bologna,Italy,Europe,City|Historical,Spring|Summer|Fall,Mid-Range|Luxury,Moderate|Quiet
c250,Turin,Italy,Europe,City,Spring|Summer|Fall,Mid-Range|Luxury,Moderate|Quiet
c251,Valencia,Spain,Europe,Beach|City,Spring|Summer|Fall,Mid-Range|Luxury,Moderate|Quiet
c252,Malaga,Spain,Europe,Beach|City,Spring|Summer|Fall,Mid-Range|Luxury,Moderate|Quiet
c253,Rotterdam,Netherlands,Europe,City,Spring|Summer|Fall,Mid-Range|Luxury,Moderate|Quiet
c254,Antwerp,Belgium,Europe,City|Historical,Spring|Summer|Fall,Mid-Range|Luxury,Moderate|Quiet
c255,Salzburg,Austria,Europe,City|Historical|Nature,Spring|Summer|Fall|Winter,Mid-Range|Luxury,Quiet
c256,Interlaken,Switzerland,Europe,Adventure|Nature,Spring|Summer|Fall|Winter,Luxury|Premium,Quiet
c257,Lucerne,Switzerland,Europe,City|Nature,Spring|Summer|Fall|Winter,Luxury|Premium,Quiet
c258,Jeju City,South Korea,Asia,Beach|Nature,Spring|Summer|Fall,Mid-Range|Luxury,Moderate|Quiet
c259,Sapporo,Japan,Asia,City|Nature,Spring|Summer|Fall|Winter,Mid-Range|Luxury,Quiet
c260,Fukuoka,Japan,Asia,City,Spring|Summer|Fall|Winter,Mid-Range|Luxury,Moderate|Quiet
c261,Hangzhou,China,Asia,City|Nature,Spring|Summer|Fall,Mid-Range|Luxury,Moderate|Quiet
c262,Xi'an,China,Asia,City|Historical,Spring|Summer|Fall,Mid-Range|Luxury,Moderate|Quiet
c263,Pune,India,Asia,City,Spring|Summer|Fall|Winter,Budget Friendly|Mid-Range,Moderate|Quiet
c264,Jaipur,India,Asia,City|Historical|Religious,Spring|Summer|Fall|Winter,Budget Friendly|Mid-Range,Busy|Moderate
c265,Kochi,India,Asia,Beach|City|Historical,Spring|Summer|Fall|Winter,Budget Friendly|Mid-Range,Moderate|Quiet
c266,Muscat,Oman,Asia,Beach|City,Spring|Summer|Fall|Winter,Luxury|Premium,Moderate|Quiet
c267,Perth,Australia,Oceania,Beach|City|Nature,Spring|Summer|Fall|Winter,Mid-Range|Luxury,Moderate|Quiet